{"stats":{"minecraft:custom":{"minecraft:jump":7,"minecraft:time_since_rest":1520,"minecraft:deaths":1,"minecraft:damage_taken":30,"minecraft:leave_game":2,"minecraft:sprint_one_cm":736,"minecraft:play_time":5898,"minecraft:time_since_death":1500,"minecraft:walk_on_water_one_cm":1011,"minecraft:walk_one_cm":834,"minecraft:sneak_time":53,"minecraft:total_world_time":5898,"minecraft:walk_under_water_one_cm":7701,"minecraft:boat_one_cm":14883,"minecraft:fall_one_cm":775,"minecraft:fly_one_cm":104246},"minecraft:used":{"minecraft:oak_boat":2}},"DataVersion":3839}