{
  "minecraft:recipes/decorations/crafting_table": {
    "criteria": {
      "unlock_right_away": "2024-06-23 10:47:15 +0000"
    },
    "done": true
  },
  "minecraft:adventure/adventuring_time": {
    "criteria": {
      "minecraft:frozen_ocean": "2024-06-23 10:49:36 +0000",
      "minecraft:snowy_plains": "2024-06-23 10:47:15 +0000",
      "minecraft:snowy_taiga": "2024-06-23 10:48:47 +0000",
      "minecraft:snowy_beach": "2024-06-23 10:49:28 +0000"
    },
    "done": false
  },
  "DataVersion": 3839
}